{
  "confidence_buckets": {
    "Very Low": {
      "range": [
        0.0,
        0.3
      ],
      "count": 20
    },
    "Low": {
      "range": [
        0.3,
        0.5
      ],
      "count": 29
    },
    "Medium": {
      "range": [
        0.5,
        0.7
      ],
      "count": 51
    },
    "High": {
      "range": [
        0.7,
        0.9
      ],
      "count": 16
    },
    "Very High": {
      "range": [
        0.9,
        1.0
      ],
      "count": 3
    }
  },
  "win_rates": {
    "Very Low": 0.7,
    "Low": 0.5172413793103449,
    "Medium": 0.5294117647058824,
    "High": 0.4375,
    "Very High": 0.6666666666666666
  },
  "avg_returns": {
    "Very Low": 0.00457645121872219,
    "Low": -0.0031446257265337857,
    "Medium": 0.001378606368678348,
    "High": 0.0006466796029809812,
    "Very High": 0.006732527017739444
  },
  "kelly_distribution": {
    "overall": {
      "mean": 0.17367359099144394,
      "median": 0.25,
      "std": 0.08924159349753552
    },
    "per_bucket": {
      "Very Low": [
        0.05,
        0.05,
        0.05,
        0.05,
        0.05,
        0.05,
        0.05,
        0.05,
        0.05,
        0.05,
        0.05,
        0.05,
        0.05,
        0.05,
        0.05,
        0.05,
        0.05,
        0.05,
        0.05,
        0.05
      ],
      "Low": [
        0.05,
        0.06406792262930866,
        0.05,
        0.05,
        0.1307638228560804,
        0.05,
        0.08797515335922163,
        0.1384352510308542,
        0.13349485060449445,
        0.15829537526871057,
        0.05,
        0.15753885494515563,
        0.15960133788650377,
        0.09119377575935822,
        0.05,
        0.0846536362335088,
        0.05,
        0.11850292570152654,
        0.13601331893062657,
        0.08755895837823796,
        0.05,
        0.05,
        0.05,
        0.14855194718291131,
        0.05,
        0.05,
        0.05,
        0.15248283917622102,
        0.05
      ],
      "Medium": [
        0.25,
        0.25,
        0.16666666666666669,
        0.25,
        0.25,
        0.17600386952392227,
        0.25,
        0.25,
        0.25,
        0.25,
        0.25,
        0.25,
        0.25,
        0.25,
        0.25,
        0.25,
        0.25,
        0.25,
        0.25,
        0.21538634920153826,
        0.25,
        0.25,
        0.25,
        0.25,
        0.25,
        0.25,
        0.25,
        0.25,
        0.16666666666666669,
        0.25,
        0.25,
        0.25,
        0.25,
        0.25,
        0.25,
        0.25,
        0.25,
        0.25,
        0.25,
        0.18917861420550985,
        0.25,
        0.25,
        0.25,
        0.25,
        0.2121019978379161,
        0.25,
        0.25,
        0.25,
        0.25,
        0.24202319393688648,
        0.25
      ],
      "High": [
        0.25,
        0.25,
        0.25,
        0.25,
        0.25,
        0.25,
        0.25,
        0.25,
        0.25,
        0.25,
        0.25,
        0.25,
        0.25,
        0.25,
        0.25,
        0.25
      ],
      "Very High": [
        0.25,
        0.25,
        0.25
      ]
    }
  },
  "confidence_delta_hist": {
    "bins": [
      0.0,
      0.05,
      0.1,
      0.15000000000000002,
      0.2,
      0.25,
      0.30000000000000004,
      0.35000000000000003,
      0.4,
      0.45,
      0.5,
      0.55,
      0.6000000000000001,
      0.65,
      0.7000000000000001,
      0.75,
      0.8,
      0.8500000000000001,
      0.9,
      0.9500000000000001,
      1.0
    ],
    "counts": [
      119,
      0,
      0,
      0,
      0,
      0,
      0,
      0,
      0,
      0,
      0,
      0,
      0,
      0,
      0,
      0,
      0,
      0,
      0,
      0
    ]
  },
  "confidence_return_correlation": 0.0435395074310082
}