{
  "cum_return": 0.9320685177490189,
  "avg_daily": 0.0007578484428808638,
  "std_daily": 0.02164018449161722,
  "sharpe": 0.5559320010743013,
  "max_drawdown": -0.5504121268064627,
  "win_rate": 0.5063593004769475,
  "profit_factor": 1.1024495725881223,
  "sortino_ratio": 0.8128958076829927,
  "calmar_ratio": 0.33921866842139675,
  "turnover": 0.000794912559618442,
  "buy_hold_cum_return": 0.9336279576091413,
  "buy_hold_sharpe": 0.5564054476342686,
  "alpha": -0.0015594398601224135,
  "beta": 1.0008075024036711,
  "information_ratio": -4.35703828141015,
  "tracking_error": 0.0003579128204532789,
  "win_rate_vs_buy_hold_down_days": 0.0,
  "total_borrow_costs": 0.0,
  "total_transaction_costs": 80.0,
  "cost_drag_annualized": 0.016025437201907793
}