{
  "confidence_buckets": {
    "Very Low": {
      "range": [
        0.0,
        0.3
      ],
      "count": 3
    },
    "Low": {
      "range": [
        0.3,
        0.5
      ],
      "count": 3
    },
    "Medium": {
      "range": [
        0.5,
        0.7
      ],
      "count": 12
    },
    "High": {
      "range": [
        0.7,
        0.9
      ],
      "count": 13
    },
    "Very High": {
      "range": [
        0.9,
        1.0
      ],
      "count": 4
    }
  },
  "win_rates": {
    "Very Low": 0.3333333333333333,
    "Low": 1.0,
    "Medium": 0.25,
    "High": 0.6923076923076923,
    "Very High": 0.5
  },
  "avg_returns": {
    "Very Low": -0.004533307952637549,
    "Low": 0.018204220069495746,
    "Medium": -0.0030102131228928325,
    "High": -0.00015290778042836102,
    "Very High": -0.034726333648753493
  },
  "kelly_distribution": {
    "overall": {
      "mean": 0.21531863648634042,
      "median": 0.25,
      "std": 0.07206721259904968
    },
    "per_bucket": {
      "Very Low": [
        0.05,
        0.05,
        0.05
      ],
      "Low": [
        0.05,
        0.05,
        0.11987618684778806
      ],
      "Medium": [
        0.25,
        0.25,
        0.16666666666666669,
        0.25,
        0.25,
        0.25,
        0.25,
        0.25,
        0.24960942350746051,
        0.25,
        0.25,
        0.25
      ],
      "High": [
        0.25,
        0.25,
        0.25,
        0.25,
        0.25,
        0.25,
        0.25,
        0.25,
        0.25,
        0.25,
        0.25,
        0.25,
        0.25
      ],
      "Very High": [
        0.25,
        0.25,
        0.25,
        0.25
      ]
    }
  },
  "confidence_delta_hist": {
    "bins": [
      0.0,
      0.05,
      0.1,
      0.15000000000000002,
      0.2,
      0.25,
      0.30000000000000004,
      0.35000000000000003,
      0.4,
      0.45,
      0.5,
      0.55,
      0.6000000000000001,
      0.65,
      0.7000000000000001,
      0.75,
      0.8,
      0.8500000000000001,
      0.9,
      0.9500000000000001,
      1.0
    ],
    "counts": [
      35,
      0,
      0,
      0,
      0,
      0,
      0,
      0,
      0,
      0,
      0,
      0,
      0,
      0,
      0,
      0,
      0,
      0,
      0,
      0
    ]
  },
  "confidence_return_correlation": -0.24402076213539392
}