{
  "confidence_buckets": {
    "Very Low": {
      "range": [
        0.0,
        0.3
      ],
      "count": 2
    },
    "Low": {
      "range": [
        0.3,
        0.5
      ],
      "count": 6
    },
    "Medium": {
      "range": [
        0.5,
        0.7
      ],
      "count": 22
    },
    "High": {
      "range": [
        0.7,
        0.9
      ],
      "count": 11
    },
    "Very High": {
      "range": [
        0.9,
        1.0
      ],
      "count": 2
    }
  },
  "win_rates": {
    "Very Low": 0.5,
    "Low": 0.5,
    "Medium": 0.5909090909090909,
    "High": 0.6363636363636364,
    "Very High": 0.5
  },
  "avg_returns": {
    "Very Low": 0.0060313476164470855,
    "Low": 0.007791675143694753,
    "Medium": 0.004312671663910116,
    "High": -0.002736576866339383,
    "Very High": -0.010139497608770765
  },
  "kelly_distribution": {
    "overall": {
      "mean": 0.2143224992791764,
      "median": 0.25,
      "std": 0.07130238872474093
    },
    "per_bucket": {
      "Very Low": [
        0.05,
        0.05
      ],
      "Low": [
        0.05,
        0.05,
        0.14403787429566778,
        0.0741695090350814,
        0.09463147249923148,
        0.05
      ],
      "Medium": [
        0.24679872377602924,
        0.23956322273191022,
        0.25,
        0.25,
        0.25,
        0.16666666666666669,
        0.25,
        0.25,
        0.25,
        0.25,
        0.25,
        0.25,
        0.25,
        0.25,
        0.25,
        0.25,
        0.25,
        0.25,
        0.25,
        0.25,
        0.25,
        0.25
      ],
      "High": [
        0.25,
        0.25,
        0.25,
        0.25,
        0.25,
        0.25,
        0.25,
        0.25,
        0.25,
        0.25,
        0.25
      ],
      "Very High": [
        0.25,
        0.25
      ]
    }
  },
  "confidence_delta_hist": {
    "bins": [
      0.0,
      0.05,
      0.1,
      0.15000000000000002,
      0.2,
      0.25,
      0.30000000000000004,
      0.35000000000000003,
      0.4,
      0.45,
      0.5,
      0.55,
      0.6000000000000001,
      0.65,
      0.7000000000000001,
      0.75,
      0.8,
      0.8500000000000001,
      0.9,
      0.9500000000000001,
      1.0
    ],
    "counts": [
      43,
      0,
      0,
      0,
      0,
      0,
      0,
      0,
      0,
      0,
      0,
      0,
      0,
      0,
      0,
      0,
      0,
      0,
      0,
      0
    ]
  },
  "confidence_return_correlation": -0.08668925676756392
}