{
  "cum_return": 2.840757883495789,
  "avg_daily": 0.0013395447156141554,
  "std_daily": 0.023241871589986862,
  "sharpe": 0.9149268828486286,
  "max_drawdown": -0.4278336027857133,
  "win_rate": 0.5294117647058824,
  "profit_factor": 1.1730671769946037,
  "sortino_ratio": 1.3536076103445212,
  "calmar_ratio": 1.3300844876187707,
  "turnover": 0.11645023870933437,
  "buy_hold_cum_return": 2.44002384063781,
  "buy_hold_sharpe": 0.9403548339542772,
  "alpha": 0.40073404285797887,
  "beta": 1.1445823593010218,
  "information_ratio": 4.7418725174135075,
  "tracking_error": 0.08450966182375617,
  "win_rate_vs_buy_hold_down_days": 0.12178387650085763,
  "total_borrow_costs": 0.0,
  "total_transaction_costs": 27390.151457896587,
  "cost_drag_annualized": 5.486739401740811
}