{
  "confidence_buckets": {
    "Very Low": {
      "range": [
        0.0,
        0.3
      ],
      "count": 3
    },
    "Low": {
      "range": [
        0.3,
        0.5
      ],
      "count": 5
    },
    "Medium": {
      "range": [
        0.5,
        0.7
      ],
      "count": 7
    },
    "High": {
      "range": [
        0.7,
        0.9
      ],
      "count": 0
    },
    "Very High": {
      "range": [
        0.9,
        1.0
      ],
      "count": 0
    }
  },
  "win_rates": {
    "Very Low": 0.3333333333333333,
    "Low": 0.6,
    "Medium": 0.7142857142857143,
    "High": null,
    "Very High": null
  },
  "avg_returns": {
    "Very Low": -0.0015521308777835894,
    "Low": 0.002185130427529349,
    "Medium": 0.0019959605553102845,
    "High": null,
    "Very High": null
  },
  "kelly_distribution": {
    "overall": {
      "mean": 0.13603732300690158,
      "median": 0.05,
      "std": 0.09228265136485855
    },
    "per_bucket": {
      "Very Low": [
        0.05,
        0.05,
        0.05
      ],
      "Low": [
        0.05,
        0.05,
        0.05,
        0.05,
        0.05
      ],
      "Medium": [
        0.22240094756325418,
        0.22782696016307452,
        0.21769727506099962,
        0.24202319393688648,
        0.25,
        0.24193175875082634,
        0.23867970962848245
      ],
      "High": [],
      "Very High": []
    }
  },
  "confidence_delta_hist": {
    "bins": [
      0.0,
      0.05,
      0.1,
      0.15000000000000002,
      0.2,
      0.25,
      0.30000000000000004,
      0.35000000000000003,
      0.4,
      0.45,
      0.5,
      0.55,
      0.6000000000000001,
      0.65,
      0.7000000000000001,
      0.75,
      0.8,
      0.8500000000000001,
      0.9,
      0.9500000000000001,
      1.0
    ],
    "counts": [
      15,
      0,
      0,
      0,
      0,
      0,
      0,
      0,
      0,
      0,
      0,
      0,
      0,
      0,
      0,
      0,
      0,
      0,
      0,
      0
    ]
  },
  "confidence_return_correlation": 0.16720268591116627
}