{
  "confidence_buckets": {
    "Very Low": {
      "range": [
        0.0,
        0.3
      ],
      "count": 5
    },
    "Low": {
      "range": [
        0.3,
        0.5
      ],
      "count": 5
    },
    "Medium": {
      "range": [
        0.5,
        0.7
      ],
      "count": 5
    },
    "High": {
      "range": [
        0.7,
        0.9
      ],
      "count": 2
    },
    "Very High": {
      "range": [
        0.9,
        1.0
      ],
      "count": 17
    }
  },
  "win_rates": {
    "Very Low": 0.2,
    "Low": 1.0,
    "Medium": 0.4,
    "High": 0.5,
    "Very High": 0.5294117647058824
  },
  "avg_returns": {
    "Very Low": -0.0017628404902614685,
    "Low": 0.011724233364255179,
    "Medium": 0.0009266727769758582,
    "High": 0.004847932420836038,
    "Very High": -0.008657214476391487
  },
  "kelly_distribution": {
    "overall": {
      "mean": 0.19117647058823528,
      "median": 0.25,
      "std": 0.09112901991076275
    },
    "per_bucket": {
      "Very Low": [
        0.05,
        0.05,
        0.05,
        0.05,
        0.05
      ],
      "Low": [
        0.05,
        0.05,
        0.05,
        0.05,
        0.05
      ],
      "Medium": [
        0.25,
        0.25,
        0.25,
        0.25,
        0.25
      ],
      "High": [
        0.25,
        0.25
      ],
      "Very High": [
        0.25,
        0.25,
        0.25,
        0.25,
        0.25,
        0.25,
        0.25,
        0.25,
        0.25,
        0.25,
        0.25,
        0.25,
        0.25,
        0.25,
        0.25,
        0.25,
        0.25
      ]
    }
  },
  "confidence_delta_hist": {
    "bins": [
      0.0,
      0.05,
      0.1,
      0.15000000000000002,
      0.2,
      0.25,
      0.30000000000000004,
      0.35000000000000003,
      0.4,
      0.45,
      0.5,
      0.55,
      0.6000000000000001,
      0.65,
      0.7000000000000001,
      0.75,
      0.8,
      0.8500000000000001,
      0.9,
      0.9500000000000001,
      1.0
    ],
    "counts": [
      34,
      0,
      0,
      0,
      0,
      0,
      0,
      0,
      0,
      0,
      0,
      0,
      0,
      0,
      0,
      0,
      0,
      0,
      0,
      0
    ]
  },
  "confidence_return_correlation": -0.20130307270849274
}