{
  "shap_ranked": {
    "rsi_7": 0.028182027861475945,
    "regime_high_vol": 0.027020476758480072,
    "lower_low": 0.02565194107592106,
    "inside_bar": 0.022888602688908577,
    "body_size": 0.02013365551829338,
    "roc_20": 0.01972641609609127,
    "cci_20": 0.019658060744404793,
    "velocity_5": 0.01961689442396164,
    "intraday_vol": 0.01938239298760891,
    "momentum_10_20": 0.019232667982578278,
    "vol_ratio_5_20": 0.01838073693215847,
    "velocity_10": 0.017793897539377213,
    "mfi_14": 0.01745573990046978,
    "kc_lower_dist": 0.017412293702363968,
    "roc_10": 0.017362935468554497,
    "stoch_k_14": 0.017212556675076485,
    "ret_1d": 0.01679232530295849,
    "parkinson_10": 0.01669643260538578,
    "close_location": 0.016345320269465446,
    "log_ret_1d": 0.016108592972159386,
    "price_accel_10": 0.015911420807242393,
    "atr_14": 0.015852447599172592,
    "garman_klass_10": 0.015787748619914055,
    "ema_12_dist": 0.015648089349269867,
    "sma_20_dist": 0.015086685307323933,
    "atr_pct_14": 0.015043608844280243,
    "sma_10_dist": 0.014538849703967571,
    "kc_upper_dist": 0.014468480832874775,
    "vol_5d": 0.014380761422216892,
    "vol_20d": 0.014271337538957596,
    "stoch_d_3": 0.01422211155295372,
    "bb_upper_dist": 0.014201194979250431,
    "hl_range": 0.014051205478608608,
    "macd_hist": 0.013927465304732323,
    "tsi_25_13": 0.013922442682087421,
    "regime_mid_vol": 0.013680451549589634,
    "bb_width": 0.013450066559016705,
    "ad_line": 0.013362997211515903,
    "velocity_20": 0.013300346210598946,
    "accel_5": 0.013065377250313759,
    "sma_50_dist": 0.013014068827033043,
    "roc_5": 0.013010308146476746,
    "overnight_ret": 0.012984649278223515,
    "macd_signal": 0.012954853475093842,
    "obv_slope_5": 0.01295206043869257,
    "vol_10d": 0.012849384918808937,
    "vix_proxy_change": 0.012803505174815655,
    "vwap_dist": 0.012793228961527348,
    "volume_velocity_5": 0.012756677344441414,
    "vol_sma_20_ratio": 0.01272772066295147,
    "trend_strength": 0.012710824608802795,
    "bb_pct_b": 0.012226843275129795,
    "rv_iv_spread_zscore": 0.012081018649041653,
    "bb_lower_dist": 0.012068272568285465,
    "ema_26_dist": 0.012056025676429272,
    "adx_14": 0.011802914552390575,
    "vix_proxy_level": 0.01170071866363287,
    "macd": 0.011598753742873669,
    "rv_iv_spread": 0.011598565615713596,
    "rsi_velocity_5": 0.011403665877878666,
    "trend_persistence": 0.011206346563994884,
    "mean_reversion_z": 0.011001073755323887,
    "gap_down": 0.010789602063596249,
    "williams_r_14": 0.010287437587976456,
    "higher_high": 0.008540879003703594,
    "gap_up": 0.008316002786159515,
    "trend_dir": 0.008066656067967415,
    "regime_low_vol": 0.0024709037970751524,
    "rsi_14": 0.0,
    "rsi_21": 0.0,
    "obv": 0.0,
    "vpt": 0.0
  },
  "selected_columns": [
    "rsi_7",
    "regime_high_vol",
    "lower_low",
    "inside_bar",
    "body_size",
    "roc_20",
    "cci_20",
    "velocity_5",
    "intraday_vol",
    "momentum_10_20",
    "vol_ratio_5_20",
    "velocity_10",
    "mfi_14",
    "kc_lower_dist",
    "roc_10",
    "stoch_k_14",
    "ret_1d",
    "parkinson_10",
    "close_location",
    "log_ret_1d",
    "price_accel_10",
    "atr_14",
    "garman_klass_10",
    "ema_12_dist",
    "sma_20_dist",
    "atr_pct_14",
    "sma_10_dist",
    "kc_upper_dist",
    "vol_5d",
    "vol_20d",
    "stoch_d_3",
    "bb_upper_dist",
    "hl_range",
    "macd_hist",
    "tsi_25_13",
    "regime_mid_vol",
    "bb_width",
    "ad_line",
    "velocity_20",
    "accel_5",
    "sma_50_dist",
    "roc_5",
    "overnight_ret",
    "macd_signal",
    "obv_slope_5",
    "vol_10d",
    "vix_proxy_change",
    "vwap_dist",
    "volume_velocity_5",
    "vol_sma_20_ratio"
  ]
}