{
  "xgb": {
    "objective": "reg:squarederror",
    "tree_method": "hist",
    "device": "cuda",
    "eval_metric": "rmse",
    "n_jobs": -1,
    "random_state": 42,
    "n_estimators": 810,
    "learning_rate": 0.16227796460904226,
    "max_depth": 3,
    "subsample": 0.8896237403575027,
    "colsample_bytree": 0.698632650766031,
    "min_child_weight": 7.197515928225118,
    "reg_alpha": 0.0005754194452297795,
    "reg_lambda": 0.007301217101473697
  },
  "lgb": null
}