{
  "confidence_buckets": {
    "Very Low": {
      "range": [
        0.0,
        0.3
      ],
      "count": 0
    },
    "Low": {
      "range": [
        0.3,
        0.5
      ],
      "count": 2
    },
    "Medium": {
      "range": [
        0.5,
        0.7
      ],
      "count": 20
    },
    "High": {
      "range": [
        0.7,
        0.9
      ],
      "count": 5
    },
    "Very High": {
      "range": [
        0.9,
        1.0
      ],
      "count": 1
    }
  },
  "win_rates": {
    "Very Low": null,
    "Low": 0.0,
    "Medium": 0.75,
    "High": 0.6,
    "Very High": 1.0
  },
  "avg_returns": {
    "Very Low": null,
    "Low": -0.004760521342852004,
    "Medium": 0.007222262732278042,
    "High": -0.0013177565109986945,
    "Very High": 0.01955944191218688
  },
  "kelly_distribution": {
    "overall": {
      "mean": 0.23261102101210201,
      "median": 0.25,
      "std": 0.04573946916806442
    },
    "per_bucket": {
      "Very Low": [],
      "Low": [
        0.05,
        0.12083462695085279
      ],
      "Medium": [
        0.17622193081517418,
        0.25,
        0.25,
        0.25,
        0.25,
        0.25,
        0.25,
        0.25,
        0.25,
        0.25,
        0.23443425043628346,
        0.25,
        0.25,
        0.25,
        0.25,
        0.25,
        0.25,
        0.25,
        0.25,
        0.18161778013654561
      ],
      "High": [
        0.25,
        0.25,
        0.25,
        0.25,
        0.25
      ],
      "Very High": [
        0.25
      ]
    }
  },
  "confidence_delta_hist": {
    "bins": [
      0.0,
      0.05,
      0.1,
      0.15000000000000002,
      0.2,
      0.25,
      0.30000000000000004,
      0.35000000000000003,
      0.4,
      0.45,
      0.5,
      0.55,
      0.6000000000000001,
      0.65,
      0.7000000000000001,
      0.75,
      0.8,
      0.8500000000000001,
      0.9,
      0.9500000000000001,
      1.0
    ],
    "counts": [
      28,
      0,
      0,
      0,
      0,
      0,
      0,
      0,
      0,
      0,
      0,
      0,
      0,
      0,
      0,
      0,
      0,
      0,
      0,
      0
    ]
  },
  "confidence_return_correlation": 0.07722119857292277
}