{
  "cum_return": 275.29750298200645,
  "avg_daily": 0.0017065317177080291,
  "std_daily": 0.02082863093215587,
  "sharpe": 1.3006304286266388,
  "max_drawdown": -0.4562333697309675,
  "win_rate": 0.5278219395866455,
  "profit_factor": 1.2545718082964283,
  "sortino_ratio": 1.992700186624202,
  "calmar_ratio": 40.29154027467806,
  "turnover": 0.09028688866571466,
  "buy_hold_cum_return": 37.84038771413148,
  "buy_hold_sharpe": 1.016992548290592,
  "alpha": 237.45711526787497,
  "beta": 1.1077709596484382,
  "information_ratio": 1935.4034202615062,
  "tracking_error": 0.12269127603163502,
  "win_rate_vs_buy_hold_down_days": 0.2656072644721907,
  "total_borrow_costs": 0.0,
  "total_transaction_costs": 2172357.3134768833,
  "cost_drag_annualized": 145.05406544678715
}