{
  "cum_return": 2.849839277694629,
  "avg_daily": 0.001341342046715575,
  "std_daily": 0.023238542016671367,
  "sharpe": 0.9162857487714603,
  "max_drawdown": -0.4264807321280664,
  "win_rate": 0.5294117647058824,
  "profit_factor": 1.1733288359320835,
  "sortino_ratio": 1.356064932601664,
  "calmar_ratio": 1.338569275812895,
  "turnover": 0.11647974343949358,
  "buy_hold_cum_return": 2.440023115634764,
  "buy_hold_sharpe": 0.9403545668444145,
  "alpha": 0.4098161620598648,
  "beta": 1.1444095794687548,
  "information_ratio": 4.850855486384167,
  "tracking_error": 0.08448327582839253,
  "win_rate_vs_buy_hold_down_days": 0.12178387650085763,
  "total_borrow_costs": 0.0,
  "total_transaction_costs": 27434.459622701543,
  "cost_drag_annualized": 5.495615123148481
}