{
  "cum_return": 0.3715551673157096,
  "avg_daily": 0.0004341474872667172,
  "std_daily": 0.019124357790866246,
  "sharpe": 0.3603717195188345,
  "max_drawdown": -0.5661894919590472,
  "win_rate": 0.505564387917329,
  "profit_factor": 1.0639760501551012,
  "sortino_ratio": 0.5342492176805418,
  "calmar_ratio": 0.13145629876183143,
  "turnover": 0.08491871833946582,
  "buy_hold_cum_return": 0.9336283774799972,
  "buy_hold_sharpe": 0.5564057323847248,
  "alpha": -0.5620732101642876,
  "beta": 0.8078281500551672,
  "information_ratio": -4.008064984200467,
  "tracking_error": 0.14023555316092523,
  "win_rate_vs_buy_hold_down_days": 0.4741100323624595,
  "total_borrow_costs": 0.0,
  "total_transaction_costs": 9513.465879648493,
  "cost_drag_annualized": 1.9057181253349924
}