{
  "cum_return": 169.766505283385,
  "avg_daily": 0.001595599578493804,
  "std_daily": 0.021592976631147117,
  "sharpe": 1.1730368857005025,
  "max_drawdown": -0.4428306243489432,
  "win_rate": 0.527027027027027,
  "profit_factor": 1.2323381919372989,
  "sortino_ratio": 1.7023679713236988,
  "calmar_ratio": 25.59841091807654,
  "turnover": 0.0821027747895568,
  "buy_hold_cum_return": 37.84038193764087,
  "buy_hold_sharpe": 1.0169922269713765,
  "alpha": 131.92612334574412,
  "beta": 1.2139246644594148,
  "information_ratio": 1605.180895615956,
  "tracking_error": 0.08218769841209711,
  "win_rate_vs_buy_hold_down_days": 0.11975028376844495,
  "total_borrow_costs": 0.0,
  "total_transaction_costs": 1479383.4807388424,
  "cost_drag_annualized": 98.78236278383366
}