{
  "cum_return": 3.048009351934156,
  "avg_daily": 0.0013269606265900312,
  "std_daily": 0.02077127661622916,
  "sharpe": 1.014133473564714,
  "max_drawdown": -0.32977345596240865,
  "win_rate": 0.527027027027027,
  "profit_factor": 1.189100183960033,
  "sortino_ratio": 1.5710473997687093,
  "calmar_ratio": 1.8514862846411322,
  "turnover": 0.11416841008767865,
  "buy_hold_cum_return": 2.4400234781362298,
  "buy_hold_sharpe": 0.940354786132345,
  "alpha": 0.6079858737979262,
  "beta": 0.9474463531112989,
  "information_ratio": 4.386372204173396,
  "tracking_error": 0.13860790774195142,
  "win_rate_vs_buy_hold_down_days": 0.30017152658662094,
  "total_borrow_costs": 0.0,
  "total_transaction_costs": 50968.65979961729,
  "cost_drag_annualized": 10.209938211052112
}