{
  "confidence_buckets": {
    "Very Low": {
      "range": [
        0.0,
        0.3
      ],
      "count": 12
    },
    "Low": {
      "range": [
        0.3,
        0.5
      ],
      "count": 15
    },
    "Medium": {
      "range": [
        0.5,
        0.7
      ],
      "count": 13
    },
    "High": {
      "range": [
        0.7,
        0.9
      ],
      "count": 0
    },
    "Very High": {
      "range": [
        0.9,
        1.0
      ],
      "count": 0
    }
  },
  "win_rates": {
    "Very Low": 0.5,
    "Low": 0.4,
    "Medium": 0.46153846153846156,
    "High": null,
    "Very High": null
  },
  "avg_returns": {
    "Very Low": 0.002911966431645928,
    "Low": -0.0018138346709665643,
    "Medium": 0.003009355142709925,
    "High": null,
    "Very High": null
  },
  "kelly_distribution": {
    "overall": {
      "mean": 0.11377011208419101,
      "median": 0.05,
      "std": 0.08843748742856393
    },
    "per_bucket": {
      "Very Low": [
        0.05,
        0.05,
        0.05,
        0.05,
        0.05,
        0.05,
        0.05,
        0.05,
        0.05,
        0.05,
        0.05,
        0.05
      ],
      "Low": [
        0.05,
        0.05,
        0.05,
        0.05,
        0.09855775776197295,
        0.05,
        0.05,
        0.055612988349038106,
        0.05,
        0.05,
        0.07168493397395537,
        0.05,
        0.05,
        0.05,
        0.0711558234601779
      ],
      "Medium": [
        0.25,
        0.25,
        0.25,
        0.25,
        0.25,
        0.25,
        0.25,
        0.25,
        0.25,
        0.25,
        0.17673820550490832,
        0.17705477431758804,
        0.25
      ],
      "High": [],
      "Very High": []
    }
  },
  "confidence_delta_hist": {
    "bins": [
      0.0,
      0.05,
      0.1,
      0.15000000000000002,
      0.2,
      0.25,
      0.30000000000000004,
      0.35000000000000003,
      0.4,
      0.45,
      0.5,
      0.55,
      0.6000000000000001,
      0.65,
      0.7000000000000001,
      0.75,
      0.8,
      0.8500000000000001,
      0.9,
      0.9500000000000001,
      1.0
    ],
    "counts": [
      40,
      0,
      0,
      0,
      0,
      0,
      0,
      0,
      0,
      0,
      0,
      0,
      0,
      0,
      0,
      0,
      0,
      0,
      0,
      0
    ]
  },
  "confidence_return_correlation": -0.09456877011794718
}