{
  "cum_return": 9.563626723043033,
  "avg_daily": 0.002104296208459048,
  "std_daily": 0.021456065834775793,
  "sharpe": 1.55688684829866,
  "max_drawdown": -0.4614967593898998,
  "win_rate": 0.5246422893481717,
  "profit_factor": 1.3157587930078019,
  "sortino_ratio": 2.4474551395290556,
  "calmar_ratio": 4.151201941136738,
  "turnover": 0.08118905474801452,
  "buy_hold_cum_return": 2.8125365581820425,
  "buy_hold_sharpe": 1.1408572553482887,
  "alpha": 6.75109016486099,
  "beta": 1.213930152218995,
  "information_ratio": 55.20303595931869,
  "tracking_error": 0.12229563188945146,
  "win_rate_vs_buy_hold_down_days": 0.29780033840947545,
  "total_borrow_costs": 0.0,
  "total_transaction_costs": 33353.93942048564,
  "cost_drag_annualized": 6.681393270240369
}