{
  "confidence_buckets": {
    "Very Low": {
      "range": [
        0.0,
        0.3
      ],
      "count": 59
    },
    "Low": {
      "range": [
        0.3,
        0.5
      ],
      "count": 29
    },
    "Medium": {
      "range": [
        0.5,
        0.7
      ],
      "count": 63
    },
    "High": {
      "range": [
        0.7,
        0.9
      ],
      "count": 9
    },
    "Very High": {
      "range": [
        0.9,
        1.0
      ],
      "count": 133
    }
  },
  "win_rates": {
    "Very Low": 0.5423728813559322,
    "Low": 0.6551724137931034,
    "Medium": 0.5873015873015873,
    "High": 0.4444444444444444,
    "Very High": 0.518796992481203
  },
  "avg_returns": {
    "Very Low": -0.00035575675585621463,
    "Low": 0.0022663359260676652,
    "Medium": 0.004804113327540309,
    "High": -0.01149431933165513,
    "Very High": 0.001730431462699593
  },
  "kelly_distribution": {
    "overall": {
      "mean": 0.19089512593099733,
      "median": 0.25,
      "std": 0.08881021273902621
    },
    "per_bucket": {
      "Very Low": [
        0.05,
        0.05,
        0.05,
        0.05,
        0.05,
        0.05,
        0.05,
        0.05,
        0.05,
        0.05,
        0.05,
        0.05,
        0.05,
        0.05,
        0.05,
        0.05,
        0.05,
        0.05,
        0.05,
        0.05,
        0.05,
        0.05,
        0.05,
        0.05,
        0.05,
        0.05,
        0.05,
        0.05,
        0.05,
        0.05,
        0.05,
        0.05,
        0.05,
        0.05,
        0.05,
        0.05,
        0.05,
        0.05,
        0.05,
        0.05,
        0.05,
        0.05,
        0.05,
        0.05,
        0.05,
        0.05,
        0.05,
        0.05,
        0.05,
        0.05,
        0.05,
        0.05,
        0.05,
        0.05,
        0.05,
        0.05,
        0.05,
        0.05,
        0.05
      ],
      "Low": [
        0.05,
        0.05,
        0.1497682885815318,
        0.05,
        0.05,
        0.05,
        0.09361205050900351,
        0.09988814768197712,
        0.05,
        0.05,
        0.05,
        0.05,
        0.09547624582142594,
        0.1260485064852785,
        0.09672839031039726,
        0.14063180878424292,
        0.10405389010564264,
        0.05,
        0.05,
        0.14000761276653212,
        0.05,
        0.05,
        0.05,
        0.05,
        0.060296418473598956,
        0.05,
        0.05,
        0.05,
        0.05
      ],
      "Medium": [
        0.25,
        0.21126876943362166,
        0.25,
        0.25,
        0.25,
        0.25,
        0.25,
        0.25,
        0.25,
        0.25,
        0.22682329324407674,
        0.25,
        0.25,
        0.25,
        0.25,
        0.25,
        0.25,
        0.22930834163775177,
        0.25,
        0.25,
        0.25,
        0.18749593257354835,
        0.2345768153663471,
        0.25,
        0.25,
        0.25,
        0.25,
        0.25,
        0.25,
        0.2129104809413505,
        0.2150159005761001,
        0.25,
        0.25,
        0.25,
        0.25,
        0.25,
        0.25,
        0.25,
        0.25,
        0.25,
        0.25,
        0.25,
        0.25,
        0.20356309888793744,
        0.2047979056018453,
        0.25,
        0.25,
        0.25,
        0.25,
        0.25,
        0.25,
        0.25,
        0.25,
        0.25,
        0.25,
        0.25,
        0.25,
        0.25,
        0.25,
        0.25,
        0.25,
        0.25,
        0.25
      ],
      "High": [
        0.25,
        0.25,
        0.25,
        0.25,
        0.25,
        0.25,
        0.25,
        0.25,
        0.25
      ],
      "Very High": [
        0.25,
        0.25,
        0.25,
        0.25,
        0.25,
        0.25,
        0.25,
        0.25,
        0.25,
        0.25,
        0.25,
        0.25,
        0.25,
        0.25,
        0.25,
        0.25,
        0.25,
        0.25,
        0.25,
        0.25,
        0.25,
        0.25,
        0.25,
        0.25,
        0.25,
        0.25,
        0.25,
        0.25,
        0.25,
        0.25,
        0.25,
        0.25,
        0.25,
        0.25,
        0.25,
        0.25,
        0.25,
        0.25,
        0.25,
        0.25,
        0.25,
        0.25,
        0.25,
        0.25,
        0.25,
        0.25,
        0.25,
        0.25,
        0.25,
        0.25,
        0.25,
        0.25,
        0.25,
        0.25,
        0.25,
        0.25,
        0.25,
        0.25,
        0.25,
        0.25,
        0.25,
        0.25,
        0.25,
        0.25,
        0.25,
        0.25,
        0.25,
        0.25,
        0.25,
        0.25,
        0.25,
        0.25,
        0.25,
        0.25,
        0.25,
        0.25,
        0.25,
        0.25,
        0.25,
        0.25,
        0.25,
        0.25,
        0.25,
        0.25,
        0.25,
        0.25,
        0.25,
        0.25,
        0.25,
        0.25,
        0.25,
        0.25,
        0.25,
        0.25,
        0.25,
        0.25,
        0.25,
        0.25,
        0.25,
        0.25,
        0.25,
        0.25,
        0.25,
        0.25,
        0.25,
        0.25,
        0.25,
        0.25,
        0.25,
        0.25,
        0.25,
        0.25,
        0.25,
        0.25,
        0.25,
        0.25,
        0.25,
        0.25,
        0.25,
        0.25,
        0.25,
        0.25,
        0.25,
        0.25,
        0.25,
        0.25,
        0.25,
        0.25,
        0.25,
        0.25,
        0.25,
        0.25,
        0.25
      ]
    }
  },
  "confidence_delta_hist": {
    "bins": [
      0.0,
      0.05,
      0.1,
      0.15000000000000002,
      0.2,
      0.25,
      0.30000000000000004,
      0.35000000000000003,
      0.4,
      0.45,
      0.5,
      0.55,
      0.6000000000000001,
      0.65,
      0.7000000000000001,
      0.75,
      0.8,
      0.8500000000000001,
      0.9,
      0.9500000000000001,
      1.0
    ],
    "counts": [
      293,
      0,
      0,
      0,
      0,
      0,
      0,
      0,
      0,
      0,
      0,
      0,
      0,
      0,
      0,
      0,
      0,
      0,
      0,
      0
    ]
  },
  "confidence_return_correlation": 0.029135633958076945
}