{
  "shap_ranked": {
    "rsi_7": 0.03614491969347,
    "regime_high_vol": 0.02876981347799301,
    "mfi_14": 0.022693725302815437,
    "vpt": 0.021820323541760445,
    "vwap_dist": 0.021333841606974602,
    "macd_signal": 0.020375849679112434,
    "obv": 0.019326195120811462,
    "parkinson_10": 0.01900050975382328,
    "adx_14": 0.018968181684613228,
    "stoch_d_3": 0.018676599487662315,
    "rv_iv_spread": 0.018323607742786407,
    "regime_mid_vol": 0.01824154704809189,
    "sma_50_dist": 0.018185334280133247,
    "macd": 0.018145054578781128,
    "bb_width": 0.018140697851777077,
    "garman_klass_10": 0.01809871569275856,
    "vol_10d": 0.018078332766890526,
    "atr_14": 0.01707756519317627,
    "kc_lower_dist": 0.016757899895310402,
    "tsi_25_13": 0.016566699370741844,
    "velocity_10": 0.016467494890093803,
    "atr_pct_14": 0.01604630798101425,
    "momentum_10_20": 0.015786567702889442,
    "trend_strength": 0.015653258189558983,
    "roc_20": 0.0152580039575696,
    "rv_iv_spread_zscore": 0.015071108005940914,
    "velocity_20": 0.015046432614326477,
    "macd_hist": 0.014956501312553883,
    "mean_reversion_z": 0.014919373206794262,
    "bb_pct_b": 0.014673429541289806,
    "vol_20d": 0.014550472609698772,
    "vix_proxy_change": 0.014166205190122128,
    "price_accel_10": 0.013956110924482346,
    "trend_persistence": 0.013439198024570942,
    "regime_low_vol": 0.013393466360867023,
    "bb_lower_dist": 0.013331110589206219,
    "stoch_k_14": 0.01323635783046484,
    "ad_line": 0.013198922388255596,
    "cci_20": 0.013064739294350147,
    "bb_upper_dist": 0.01298279594630003,
    "kc_upper_dist": 0.012929371558129787,
    "ema_26_dist": 0.012859050184488297,
    "obv_slope_5": 0.012388353236019611,
    "accel_5": 0.012121479958295822,
    "trend_dir": 0.011969927698373795,
    "sma_10_dist": 0.011950565502047539,
    "vol_5d": 0.011826162226498127,
    "volume_velocity_5": 0.011723003350198269,
    "sma_20_dist": 0.011696813628077507,
    "ema_12_dist": 0.01165897585451603,
    "log_ret_1d": 0.011636064387857914,
    "velocity_5": 0.011463522911071777,
    "hl_range": 0.011463434435427189,
    "overnight_ret": 0.011271664872765541,
    "intraday_vol": 0.011227916926145554,
    "rsi_velocity_5": 0.011210978962481022,
    "roc_10": 0.010640505701303482,
    "vol_ratio_5_20": 0.010524891316890717,
    "roc_5": 0.009899605065584183,
    "vol_sma_20_ratio": 0.009825635701417923,
    "gap_down": 0.009641087613999844,
    "body_size": 0.009633823297917843,
    "williams_r_14": 0.009382568299770355,
    "close_location": 0.008545676246285439,
    "ret_1d": 0.008330190554261208,
    "lower_low": 0.008109446614980698,
    "inside_bar": 0.006398194935172796,
    "vix_proxy_level": 0.00581496674567461,
    "gap_up": 0.005368109326809645,
    "higher_high": 0.004564657807350159,
    "rsi_14": 0.0,
    "rsi_21": 0.0
  },
  "selected_columns": [
    "rsi_7",
    "regime_high_vol",
    "mfi_14",
    "vpt",
    "vwap_dist",
    "macd_signal",
    "obv",
    "parkinson_10",
    "adx_14",
    "stoch_d_3",
    "rv_iv_spread",
    "regime_mid_vol",
    "sma_50_dist",
    "macd",
    "bb_width",
    "garman_klass_10",
    "vol_10d",
    "atr_14",
    "kc_lower_dist",
    "tsi_25_13",
    "velocity_10",
    "atr_pct_14",
    "momentum_10_20",
    "trend_strength",
    "roc_20",
    "rv_iv_spread_zscore",
    "velocity_20",
    "macd_hist",
    "mean_reversion_z",
    "bb_pct_b",
    "vol_20d",
    "vix_proxy_change",
    "price_accel_10",
    "trend_persistence",
    "regime_low_vol",
    "bb_lower_dist",
    "stoch_k_14",
    "ad_line",
    "cci_20",
    "bb_upper_dist",
    "kc_upper_dist",
    "ema_26_dist",
    "obv_slope_5",
    "accel_5",
    "trend_dir",
    "sma_10_dist",
    "vol_5d",
    "volume_velocity_5",
    "sma_20_dist",
    "ema_12_dist"
  ]
}