{
  "xgb": {
    "objective": "reg:squarederror",
    "tree_method": "hist",
    "device": "cuda",
    "eval_metric": "rmse",
    "n_jobs": -1,
    "random_state": 42,
    "n_estimators": 970,
    "learning_rate": 0.06748384137189287,
    "max_depth": 5,
    "subsample": 0.9212670465510963,
    "colsample_bytree": 0.5366161470692159,
    "min_child_weight": 1.6267547230167754,
    "reg_alpha": 0.0011551353869837255,
    "reg_lambda": 0.012543884990667097
  },
  "lgb": null
}