{
  "cum_return": 5.464970434874717,
  "avg_daily": 0.001691732193154033,
  "std_daily": 0.020384950154878154,
  "sharpe": 1.3174138667990907,
  "max_drawdown": -0.32798821295441866,
  "win_rate": 0.5302066772655007,
  "profit_factor": 1.263548981858611,
  "sortino_ratio": 1.944095574916309,
  "calmar_ratio": 3.337716762954927,
  "turnover": 0.09321223177697081,
  "buy_hold_cum_return": 1.9232206436668364,
  "buy_hold_sharpe": 0.9905688289606893,
  "alpha": 3.5417497912078804,
  "beta": 1.2291967413854563,
  "information_ratio": 28.905718999837283,
  "tracking_error": 0.12252764898281263,
  "win_rate_vs_buy_hold_down_days": 0.19420783645655879,
  "total_borrow_costs": 0.0,
  "total_transaction_costs": 18350.98215074255,
  "cost_drag_annualized": 3.676031400625694
}