{
  "confidence_buckets": {
    "Very Low": {
      "range": [
        0.0,
        0.3
      ],
      "count": 4
    },
    "Low": {
      "range": [
        0.3,
        0.5
      ],
      "count": 7
    },
    "Medium": {
      "range": [
        0.5,
        0.7
      ],
      "count": 5
    },
    "High": {
      "range": [
        0.7,
        0.9
      ],
      "count": 3
    },
    "Very High": {
      "range": [
        0.9,
        1.0
      ],
      "count": 2
    }
  },
  "win_rates": {
    "Very Low": 0.5,
    "Low": 0.42857142857142855,
    "Medium": 0.4,
    "High": 0.6666666666666666,
    "Very High": 1.0
  },
  "avg_returns": {
    "Very Low": -0.004648451681552271,
    "Low": -0.006905090797708172,
    "Medium": -0.004182982008832456,
    "High": 0.0017397791295180372,
    "Very High": 0.012074530999697651
  },
  "kelly_distribution": {
    "overall": {
      "mean": 0.15763592939747254,
      "median": 0.13151276793173688,
      "std": 0.09046497159499997
    },
    "per_bucket": {
      "Very Low": [
        0.05,
        0.05,
        0.05,
        0.05
      ],
      "Low": [
        0.05,
        0.05,
        0.09983927688009503,
        0.13151276793173688,
        0.0871297702751182,
        0.11060418387713966,
        0.08126851838283361
      ],
      "Medium": [
        0.25,
        0.25,
        0.25,
        0.25,
        0.25
      ],
      "High": [
        0.25,
        0.25,
        0.25
      ],
      "Very High": [
        0.25,
        0.25
      ]
    }
  },
  "confidence_delta_hist": {
    "bins": [
      0.0,
      0.05,
      0.1,
      0.15000000000000002,
      0.2,
      0.25,
      0.30000000000000004,
      0.35000000000000003,
      0.4,
      0.45,
      0.5,
      0.55,
      0.6000000000000001,
      0.65,
      0.7000000000000001,
      0.75,
      0.8,
      0.8500000000000001,
      0.9,
      0.9500000000000001,
      1.0
    ],
    "counts": [
      21,
      0,
      0,
      0,
      0,
      0,
      0,
      0,
      0,
      0,
      0,
      0,
      0,
      0,
      0,
      0,
      0,
      0,
      0,
      0
    ]
  },
  "confidence_return_correlation": 0.34117884964618
}